"0","library(here) # Comentar"
"0","library(tidyverse)"
"0","library(janitor) # Clean names"
"0","library(skimr) # Beautiful Summarize"
"0","library(magrittr) # Pipe operators"
"0","library(corrplot) # Correlations"
"0","library(ggcorrplot)  # Correlations"
"0","library(PerformanceAnalytics) # Correlations"
"0","library(leaps) # Model selection"
"0","library(MASS)"
"0","library(dplyr)"
"0","library(readr)"
"0","library(gvlma)"
"0","library(MASS)"
"0","library(car)"
"0","library(glmnet)"
"0","library(boot)"
"0","library(leaps)"
"0","library(rsample)"
"0","library(imputeTS)"
